<?xml version="1.0" encoding="utf-8" ?>
<ThingDefs>

  <ThingDef Name="TurretBase" ParentName="BuildingBase" Abstract="True">
    <thingClass>CombatExtended.Building_TurretGunCE</thingClass>
    <graphicData>
      <graphicClass>Graphic_Single</graphicClass>
      <damageData>
        <rect>(0.2,0.2,0.6,0.6)</rect>
      </damageData>
      <drawSize>(3,3)</drawSize>
    </graphicData>
    <altitudeLayer>Building</altitudeLayer>
    <tradeability>Stockable</tradeability>
    <techLevel>Industrial</techLevel>
    <statBases>
      <MaxHitPoints>100</MaxHitPoints>
      <Flammability>0.1</Flammability>
      <WorkToMake>10000</WorkToMake>
      <Beauty>-60</Beauty>
    </statBases>
    <comps>
      <li Class="CompProperties_Forbiddable"/>
    </comps>
    <tickerType>Normal</tickerType>
    <passability>PassThroughOnly</passability>
    <pathCost>50</pathCost>
    <fillPercent>0.85</fillPercent>
    <castEdgeShadows>true</castEdgeShadows>
    <hasTooltip>true</hasTooltip>
    <terrainAffordanceNeeded>Light</terrainAffordanceNeeded>
    <building>
      <ai_combatDangerous>true</ai_combatDangerous>
      <turretBurstCooldownTime>1</turretBurstCooldownTime>
    </building>
    <tradeTags>
      <li>CE_Turret</li>
    </tradeTags>
  </ThingDef>

  <ThingDef Name="TurretMannedBase" ParentName="TurretBase" Abstract="True">
    <hasInteractionCell>True</hasInteractionCell>
    <interactionCellOffset>(0,0,-1)</interactionCellOffset>
    <comps>
      <li Class="CompProperties_Mannable">
        <manWorkType>Violent</manWorkType>
      </li>
    </comps>
    <recipeMaker>
      <workSpeedStat>SmithingSpeed</workSpeedStat>
      <workSkill>Crafting</workSkill>
      <effectWorking>Smith</effectWorking>
      <soundWorking>Recipe_Smith</soundWorking>
      <recipeUsers>
        <li>TableMachining</li>
      </recipeUsers>
      <unfinishedThingDef>UnfinishedTurretGun</unfinishedThingDef>
    </recipeMaker>
  </ThingDef>

  <ThingDef Name="TurretMannedCraftableBase" ParentName="TurretMannedBase" Abstract="True">
    <recipeMaker>
      <workSpeedStat>SmithingSpeed</workSpeedStat>
      <workSkill>Crafting</workSkill>
      <effectWorking>Smith</effectWorking>
      <soundWorking>Recipe_Smith</soundWorking>
      <recipeUsers>
        <li>TableMachining</li>
      </recipeUsers>
      <unfinishedThingDef>UnfinishedTurretGun</unfinishedThingDef>
    </recipeMaker>
  </ThingDef>

  <!--=============== 50mm cannon ===============-->

  <ThingDef ParentName="TurretMannedBase">
    <defName>Turret_50mmCannon</defName>
    <label>50mm turret</label>
    <graphicData>
      <texPath>Cannon_Base</texPath>
    </graphicData>
    <statBases>
      <MaxHitPoints>400</MaxHitPoints>
      <WorkToMake>57500</WorkToMake>
      <Mass>300</Mass>
      <Bulk>200</Bulk>
    </statBases>
    <description>An ancient 50mm anti-tank gun used against lightly armored targets or positions, quite useful on rimworlds due to its small size, light weight, and cost efficiency. Yet in the right hands can disable or outright destroy more advanced foes such as mechanoids.</description>
    <costList>
      <Steel>300</Steel>
      <Component>5</Component>
    </costList>
    <specialDisplayRadius>16</specialDisplayRadius>
    <building>
      <turretGunDef>Gun_50mmCannon</turretGunDef>
      <turretTopgraphicPath>50Turret_Top</turretTopgraphicPath>
    </building>
    <size>(2,2)</size>
    <minifiedDef>MinifiedTurret_50mmTurret</minifiedDef>
    <researchPrerequisites>
      <li>CE_TurretHeavyWeapons</li>
    </researchPrerequisites>
    <designationCategory>Security</designationCategory>
  </ThingDef>

 <!--=============== 75mm cannon ===============-->

  <ThingDef ParentName="TurretMannedBase">
    <defName>Turret_75mmCannon</defName>
    <label>75mm turret</label>
    <graphicData>
      <texPath>Cannon_Base</texPath>
    </graphicData>
    <statBases>
      <MaxHitPoints>450</MaxHitPoints>
      <WorkToMake>60000</WorkToMake>
      <Mass>450</Mass>
      <Bulk>300</Bulk>
    </statBases>
    <description>An ancient 75mm anti-tank gun used against armored targets or positions, quite useful on rimworlds due to its jack-of-all-trades appeal. Very versatile caliber that allows for many types of specialized ammunition.</description>
    <costList>
      <Steel>400</Steel>
      <Component>6</Component>
    </costList>
    <specialDisplayRadius>16</specialDisplayRadius>
    <building>
      <turretGunDef>Gun_75mmCannon</turretGunDef>
      <turretTopgraphicPath>75Turret_Top</turretTopgraphicPath>
    </building>
    <size>(2,2)</size>
    <minifiedDef>MinifiedTurret_75mmTurret</minifiedDef>
    <researchPrerequisites>
      <li>CE_TurretHeavyWeapons</li>
    </researchPrerequisites>
    <designationCategory>Security</designationCategory>
  </ThingDef>
 
<!--=============== 105mm cannon ===============-->

  <ThingDef ParentName="TurretMannedBase">
    <defName>Turret_105mmCannon</defName>
    <label>105mm turret</label>
    <graphicData>
      <texPath>Cannon_Base</texPath>
    </graphicData>
    <statBases>
      <MaxHitPoints>550</MaxHitPoints>
      <WorkToMake>75000</WorkToMake>
      <Mass>800</Mass>
      <Bulk>700</Bulk>
    </statBases>
    <description>An ancient 105mm artillery cannon for use against infantry and ground targets. It's expensive, bulky, and powerful; fires heavy HE shells that can destroy most targets.</description>
    <costList>
      <Steel>600</Steel>
      <Component>6</Component>
    </costList>
    <specialDisplayRadius>16</specialDisplayRadius>
    <building>
      <turretGunDef>Gun_105mmCannon</turretGunDef>
      <turretTopgraphicPath>105Turret_Top</turretTopgraphicPath>
    </building>
    <size>(2,2)</size>
    <minifiedDef>MinifiedTurret_105mmTurret</minifiedDef>
    <researchPrerequisites>
      <li>CE_TurretHeavyWeapons</li>
    </researchPrerequisites>
    <designationCategory>Security</designationCategory>
  </ThingDef>
</ThingDefs>
