﻿<?xml version="1.0" encoding="utf-8" ?>
<Defs>

    <ThingCategoryDef>
      <defName>Ammo105mm</defName>
      <label>105mm shell</label>
      <parent>AmmoShells</parent>
      <iconPath>UI/Icons/ThingCategories/CaliberCannon</iconPath>
    </ThingCategoryDef>
	
	<!-- ==================== AmmoSet ========================== -->

  <CombatExtended.AmmoSetDef>
    <defName>AmmoSet_105mmCannon</defName>
    <label>105mm artillery shells</label>
	<ammoTypes>
	  <Ammo_105mm_HE>Bullet_105mm_HE</Ammo_105mm_HE>
	</ammoTypes>
  </CombatExtended.AmmoSetDef>
	
	<!-- ==================== Ammo ========================== -->

  <ThingDef Name="105mmRound" ParentName="AmmoBase" Abstract="True">
    <description>105mm artillery shell.</description>
    <thingCategories>
      <li>Ammo105mm</li>
    </thingCategories>
    <stackLimit>25</stackLimit>
		<tradeTags>
			<li>CE_AutoEnableTrade</li>
			<li>CE_AutoEnableCrafting</li>
		</tradeTags>
    <statBases>
      <MaxHitPoints>200</MaxHitPoints>
			<Mass>12.5</Mass>
			<Bulk>15</Bulk>
    </statBases>
    <cookOffFlashScale>30</cookOffFlashScale>
    <cookOffSound>MortarBomb_Explode</cookOffSound>
  </ThingDef>

  <ThingDef ParentName="105mmRound">
    <defName>Ammo_105mm_HE</defName>
    <label>105mm shell (HE)</label>
    <graphicData>
      <texPath>105HE</texPath>
      <graphicClass>Graphic_Single</graphicClass>
    </graphicData>
    <statBases>
      <MarketValue>43</MarketValue>
    </statBases>
		<ammoClass>GrenadeHE</ammoClass>
    <comps>
      <li Class="CombatExtended.CompProperties_ExplosiveCE">
        <explosionDamage>100</explosionDamage>
        <explosionDamageDef>Bomb</explosionDamageDef>
        <explosionRadius>3.0</explosionRadius>
        <fragments>
          <Fragment_Shell>400</Fragment_Shell>
        </fragments>
      </li>
    </comps>
  </ThingDef>

	<!-- ================== Projectiles ================== -->

	<ThingDef Name="105mmShell" ParentName="BaseBullet" Abstract="true">
		<graphicData>
      <shaderType>TransparentPostLight</shaderType>
		</graphicData>
		<projectile>
			<speed>100</speed>
			<soundExplode>MortarBomb_Explode</soundExplode>
	  		<flyOverhead>false</flyOverhead>
			<dropsCasings>true</dropsCasings>
			<casingMoteDefName>Mote_BigShell</casingMoteDefName>
		</projectile>
	</ThingDef>

  <ThingDef ParentName="105mmShell">
    <defName>Bullet_105mm_HE</defName>
    <label>105mm cannon shell (HE)</label>
    <graphicData>
			<texPath>Firedshell</texPath>
			<graphicClass>Graphic_Single</graphicClass>
		</graphicData>
    <projectile>
      <damageDef>Bullet</damageDef>
      <damageAmountBase>50</damageAmountBase>
	  <soundExplode>MortarBomb_Explode</soundExplode>
	  <armorPenetration>0.5</armorPenetration>
    </projectile>
	<comps>
		<li Class="CombatExtended.CompProperties_ExplosiveCE">
			<explosionDamage>325</explosionDamage>
			<explosionDamageDef>Bomb</explosionDamageDef>
			<explosionRadius>4</explosionRadius>
			<fragments>
          <Fragment_Shell>500</Fragment_Shell>
			</fragments>
			<fragRange>6.0</fragRange>
		</li>
	</comps>
  </ThingDef>

	<!-- ==================== Recipes ========================== -->

  <RecipeDef ParentName="GrenadeRecipeBase">
    <defName>MakeAmmo_105mm_HE</defName>
    <label>make 105mm HE cannon shells x2</label>
    <description>Craft 2 105mm HE shells.</description>
    <jobString>Making 105mm HE shells.</jobString>
    <ingredients>
      <li>
        <filter>
          <thingDefs>
            <li>Steel</li>
          </thingDefs>
        </filter>
        <count>10</count>
      </li>
      <li>
        <filter>
          <thingDefs>
            <li>FSX</li>
          </thingDefs>
        </filter>
        <count>4</count>
      </li>
      <li>
        <filter>
          <thingDefs>
            <li>Component</li>
          </thingDefs>
        </filter>
        <count>1</count>
      </li>
    </ingredients>
    <fixedIngredientFilter>
      <thingDefs>
        <li>Steel</li>
        <li>FSX</li>
        <li>Component</li>
      </thingDefs>
    </fixedIngredientFilter>
    <products>
      <Ammo_105mm_HE>2</Ammo_105mm_HE>
    </products>
  </RecipeDef>

</Defs>