﻿<?xml version="1.0" encoding="utf-8" ?>
<Defs>

    <ThingCategoryDef>
      <defName>Ammo50mm</defName>
      <label>50mm shell</label>
      <parent>AmmoShells</parent>
      <iconPath>UI/Icons/ThingCategories/CaliberCannon</iconPath>
    </ThingCategoryDef>
	
	<!-- ==================== AmmoSet ========================== -->

  <CombatExtended.AmmoSetDef>
    <defName>AmmoSet_50mmCannon</defName>
    <label>50mm shells</label>
	<ammoTypes>
	  <Ammo_50mm_APHE>Bullet_50mm_APHE</Ammo_50mm_APHE>
	  <Ammo_50mm_HE>Bullet_50mm_HE</Ammo_50mm_HE>
	  <Ammo_50mm_APCR>Bullet_50mm_APCR</Ammo_50mm_APCR>
	</ammoTypes>
  </CombatExtended.AmmoSetDef>
	
	<!-- ==================== Ammo ========================== -->

  <ThingDef Name="50mmRound" ParentName="AmmoBase" Abstract="True">
    <description>50mm anti-tank cannon shell.</description>
    <thingCategories>
      <li>Ammo50mm</li>
    </thingCategories>
    <stackLimit>75</stackLimit>
		<tradeTags>
			<li>CE_AutoEnableTrade</li>
			<li>CE_AutoEnableCrafting</li>
		</tradeTags>
    <statBases>
      <MaxHitPoints>200</MaxHitPoints>
			<Mass>1.75</Mass>
			<Bulk>2.5</Bulk>
    </statBases>
    <cookOffFlashScale>20</cookOffFlashScale>
    <cookOffSound>MortarBomb_Explode</cookOffSound>
  </ThingDef>

  <ThingDef ParentName="50mmRound">
    <defName>Ammo_50mm_APHE</defName>
    <label>50mm shell (APHE)</label>
    <graphicData>
      <texPath>50APHE</texPath>
      <graphicClass>Graphic_Single</graphicClass>
    </graphicData>
    <statBases>
      <MarketValue>8.40</MarketValue>
    </statBases>
    <ammoClass>ExplosiveAP</ammoClass>
  <cookOffProjectile>Bullet_50mm_APHE</cookOffProjectile>
  </ThingDef>

  <ThingDef ParentName="50mmRound">
    <defName>Ammo_50mm_APCR</defName>
    <label>50mm shell (APCR)</label>
    <graphicData>
      <texPath>50APCR</texPath>
      <graphicClass>Graphic_Single</graphicClass>
    </graphicData>
    <statBases>
      <MarketValue>4.20</MarketValue>
    </statBases>
    <ammoClass>Sabot</ammoClass>
    <cookOffProjectile>Bullet_50mm_APCR</cookOffProjectile>
  </ThingDef>

<ThingDef ParentName="50mmRound">
    <defName>Ammo_50mm_HE</defName>
    <label>50mm shell (HE)</label>
    <graphicData>
      <texPath>50HE</texPath>
      <graphicClass>Graphic_Single</graphicClass>
    </graphicData>
    <statBases>
      <MarketValue>8.50</MarketValue>
    </statBases>
    <ammoClass>GrenadeHE</ammoClass>
    <comps>
   <li Class="CombatExtended.CompProperties_ExplosiveCE">
	 <explosionDamage>160</explosionDamage>
	 <explosionDamageDef>Bomb</explosionDamageDef>
	 <explosionRadius>3</explosionRadius>
	 <fragments>
          <Fragment_Shell>300</Fragment_Shell>
	 </fragments>
	 <fragRange>4</fragRange>
   </li>
  </comps>
  </ThingDef>

	<!-- ================== Projectiles ================== -->

	<ThingDef Name="50mmShell" ParentName="BaseBullet" Abstract="true">
		<graphicData>
      <shaderType>TransparentPostLight</shaderType>
		</graphicData>
		<projectile>
			<speed>200</speed>
			<soundExplode>MortarBomb_Explode</soundExplode>
	  		<flyOverhead>false</flyOverhead>
			<dropsCasings>true</dropsCasings>
			<casingMoteDefName>Mote_BigShell</casingMoteDefName>
		</projectile>
	</ThingDef>

<ThingDef ParentName="50mmShell">
 <defName>Bullet_50mm_APHE</defName>
 <label>50mm shell (APHE)</label>
 <graphicData>
  <texPath>Firedshell</texPath>
  <graphicClass>Graphic_Single</graphicClass>
 </graphicData>
 <projectile>
  <damageDef>Bullet</damageDef>
  <damageAmountBase>250</damageAmountBase>
  <soundExplode>MortarBomb_Explode</soundExplode>
  <armorPenetration>3</armorPenetration>
 </projectile>
 <comps>
   <li Class="CombatExtended.CompProperties_ExplosiveCE">
	 <explosionDamage>80</explosionDamage>
	 <explosionDamageDef>Bomb</explosionDamageDef>
	 <explosionRadius>2</explosionRadius>
	 <fragments>
          <Fragment_Shell>125</Fragment_Shell>
	 </fragments>
	 <fragRange>3</fragRange>
   </li>
 </comps>
</ThingDef>

<ThingDef ParentName="50mmShell">
 <defName>Bullet_50mm_APCR</defName>
 <label>50mm shell (APCR)</label>
 <graphicData>
  <texPath>Firedshell</texPath>
  <graphicClass>Graphic_Single</graphicClass>
 </graphicData>
 <projectile>
  <damageDef>Bullet</damageDef>
  <damageAmountBase>250</damageAmountBase>
  <soundExplode>MortarBomb_Explode</soundExplode>
  <armorPenetration>5</armorPenetration>
  <speed>230</speed>
 </projectile>
 <comps>
   <li Class="CombatExtended.CompProperties_ExplosiveCE">
	 <explosionDamage>1</explosionDamage>
	 <explosionDamageDef>Bomb</explosionDamageDef>
	 <explosionRadius>0.1</explosionRadius>
	 <fragments>
          <Fragment_Shell>100</Fragment_Shell>
	 </fragments>
	 <fragRange>2</fragRange>
   </li>
  </comps>
</ThingDef>

<ThingDef ParentName="50mmShell">
 <defName>Bullet_50mm_HE</defName>
 <label>50mm shell (HE)</label>
 <graphicData>
  <texPath>Firedshell</texPath>
  <graphicClass>Graphic_Single</graphicClass>
 </graphicData>
 <projectile>
  <damageDef>Bullet</damageDef>
  <damageAmountBase>50</damageAmountBase>
  <soundExplode>MortarBomb_Explode</soundExplode>
  <armorPenetration>0.5</armorPenetration>
 </projectile>
   <comps>
   <li Class="CombatExtended.CompProperties_ExplosiveCE">
	 <explosionDamage>160</explosionDamage>
	 <explosionDamageDef>Bomb</explosionDamageDef>
	 <explosionRadius>3</explosionRadius>
	 <fragments>
          <Fragment_Shell>300</Fragment_Shell>
	 </fragments>
	 <fragRange>4</fragRange>
   </li>
  </comps>
</ThingDef>

	<!-- ==================== Recipes ========================== -->

  <RecipeDef ParentName="GrenadeRecipeBase">
    <defName>MakeAmmo_50mm_APHE</defName>
    <label>make 50mm APHE shells x10</label>
    <description>Craft 10 50mm APHE shells.</description>
    <jobString>Making 50mm APHE shells.</jobString>
    <ingredients>
      <li>
        <filter>
          <thingDefs>
            <li>Steel</li>
          </thingDefs>
        </filter>
        <count>20</count>
      </li>
      <li>
        <filter>
          <thingDefs>
            <li>FSX</li>
          </thingDefs>
        </filter>
        <count>2</count>
      </li>
      <li>
        <filter>
          <thingDefs>
            <li>Component</li>
          </thingDefs>
        </filter>
        <count>1</count>
      </li>
    </ingredients>
    <fixedIngredientFilter>
      <thingDefs>
        <li>Steel</li>
        <li>FSX</li>
        <li>Component</li>
      </thingDefs>
    </fixedIngredientFilter>
    <products>
      <Ammo_50mm_APHE>10</Ammo_50mm_APHE>
    </products>
  </RecipeDef>

 <RecipeDef ParentName="GrenadeRecipeBase">
    <defName>MakeAmmo_50mm_APCR</defName>
    <label>make 50mm APCR shells x10</label>
    <description>Craft 10 50mm APCR shells.</description>
    <jobString>Making 50mm APCR shells.</jobString>
    <ingredients>
      <li>
        <filter>
          <thingDefs>
            <li>Steel</li>
          </thingDefs>
        </filter>
        <count>30</count>
      </li>
      <li>
        <filter>
          <thingDefs>
            <li>Component</li>
          </thingDefs>
        </filter>
        <count>1</count>
      </li>
    </ingredients>
    <fixedIngredientFilter>
      <thingDefs>
        <li>Steel</li>
        <li>Component</li>
      </thingDefs>
    </fixedIngredientFilter>
    <products>
      <Ammo_50mm_APCR>10</Ammo_50mm_APCR>
    </products>
  </RecipeDef>

<RecipeDef ParentName="GrenadeRecipeBase">
    <defName>MakeAmmo_50mm_HE</defName>
    <label>make 50mm HE shells x10</label>
    <description>Craft 10 50mm HE shells.</description>
    <jobString>Making 50mm HE shells.</jobString>
    <ingredients>
      <li>
        <filter>
          <thingDefs>
            <li>Steel</li>
          </thingDefs>
        </filter>
        <count>10</count>
      </li>
      <li>
        <filter>
          <thingDefs>
            <li>FSX</li>
          </thingDefs>
        </filter>
        <count>4</count>
      </li>
      <li>
        <filter>
          <thingDefs>
            <li>Component</li>
          </thingDefs>
        </filter>
        <count>1</count>
      </li>
    </ingredients>
    <fixedIngredientFilter>
      <thingDefs>
        <li>Steel</li>
        <li>FSX</li>
        <li>Component</li>
      </thingDefs>
    </fixedIngredientFilter>
    <products>
      <Ammo_50mm_HE>10</Ammo_50mm_HE>
    </products>
  </RecipeDef>

</Defs>