﻿<?xml version="1.0" encoding="utf-8" ?>
<Defs>

    <ThingCategoryDef>
      <defName>Ammo75mm</defName>
      <label>75mm shell</label>
      <parent>AmmoShells</parent>
      <iconPath>UI/Icons/ThingCategories/CaliberCannon</iconPath>
    </ThingCategoryDef>
	
	<!-- ==================== AmmoSet ========================== -->

  <CombatExtended.AmmoSetDef>
    <defName>AmmoSet_75mmCannon</defName>
    <label>75mm shells</label>
	<ammoTypes>
	  <Ammo_75mm_APHE>Bullet_75mm_APHE</Ammo_75mm_APHE>
	  <Ammo_75mm_HE>Bullet_75mm_HE</Ammo_75mm_HE>
	  <Ammo_75mm_APCR>Bullet_75mm_APCR</Ammo_75mm_APCR>
	</ammoTypes>
  </CombatExtended.AmmoSetDef>
	
	<!-- ==================== Ammo ========================== -->

  <ThingDef Name="75mmRound" ParentName="AmmoBase" Abstract="True">
    <description>75mm anti-tank cannon shell.</description>
    <thingCategories>
      <li>Ammo75mm</li>
    </thingCategories>
    <stackLimit>50</stackLimit>
		<tradeTags>
			<li>CE_AutoEnableTrade</li>
			<li>CE_AutoEnableCrafting</li>
		</tradeTags>
    <statBases>
      <MaxHitPoints>200</MaxHitPoints>
			<Mass>3.5</Mass>
			<Bulk>5</Bulk>
    </statBases>
    <cookOffFlashScale>20</cookOffFlashScale>
    <cookOffSound>MortarBomb_Explode</cookOffSound>
  </ThingDef>

  <ThingDef ParentName="75mmRound">
    <defName>Ammo_75mm_APHE</defName>
    <label>75mm shell (APHE)</label>
    <graphicData>
      <texPath>75APHE</texPath>
      <graphicClass>Graphic_Single</graphicClass>
    </graphicData>
    <statBases>
      <MarketValue>16.80</MarketValue>
    </statBases>
    <ammoClass>ExplosiveAP</ammoClass>
  <cookOffProjectile>Bullet_75mm_APHE</cookOffProjectile>
  </ThingDef>

  <ThingDef ParentName="75mmRound">
    <defName>Ammo_75mm_APCR</defName>
    <label>75mm shell (APCR)</label>
    <graphicData>
      <texPath>75APCR</texPath>
      <graphicClass>Graphic_Single</graphicClass>
    </graphicData>
    <statBases>
      <MarketValue>9.50</MarketValue>
    </statBases>
    <ammoClass>Sabot</ammoClass>
    <cookOffProjectile>Bullet_75mm_APCR</cookOffProjectile>
  </ThingDef>

<ThingDef ParentName="75mmRound">
    <defName>Ammo_75mm_HE</defName>
    <label>75mm shell (HE)</label>
    <graphicData>
      <texPath>75HE</texPath>
      <graphicClass>Graphic_Single</graphicClass>
    </graphicData>
    <statBases>
      <MarketValue>17</MarketValue>
    </statBases>
    <ammoClass>GrenadeHE</ammoClass>
    <comps>
   <li Class="CombatExtended.CompProperties_ExplosiveCE">
	 <explosionDamage>240</explosionDamage>
	 <explosionDamageDef>Bomb</explosionDamageDef>
	 <explosionRadius>4</explosionRadius>
	 <fragments>
          <Fragment_Shell>350</Fragment_Shell>
	 </fragments>
	 <fragRange>4</fragRange>
   </li>
  </comps>
  </ThingDef>

	<!-- ================== Projectiles ================== -->

	<ThingDef Name="75mmShell" ParentName="BaseBullet" Abstract="true">
		<graphicData>
      <shaderType>TransparentPostLight</shaderType>
		</graphicData>
		<projectile>
			<speed>200</speed>
			<soundExplode>MortarBomb_Explode</soundExplode>
	  		<flyOverhead>false</flyOverhead>
			<dropsCasings>true</dropsCasings>
			<casingMoteDefName>Mote_BigShell</casingMoteDefName>
		</projectile>
	</ThingDef>

<ThingDef ParentName="75mmShell">
 <defName>Bullet_75mm_APHE</defName>
 <label>75mm shell (APHE)</label>
 <graphicData>
  <texPath>Firedshell</texPath>
  <graphicClass>Graphic_Single</graphicClass>
 </graphicData>
 <projectile>
  <damageDef>Bullet</damageDef>
  <damageAmountBase>300</damageAmountBase>
  <soundExplode>MortarBomb_Explode</soundExplode>
  <armorPenetration>4</armorPenetration>
 </projectile>
 <comps>
   <li Class="CombatExtended.CompProperties_ExplosiveCE">
	 <explosionDamage>120</explosionDamage>
	 <explosionDamageDef>Bomb</explosionDamageDef>
	 <explosionRadius>2.5</explosionRadius>
	 <fragments>
          <Fragment_Shell>175</Fragment_Shell>
	 </fragments>
	 <fragRange>3</fragRange>
   </li>
 </comps>
</ThingDef>

<ThingDef ParentName="75mmShell">
 <defName>Bullet_75mm_APCR</defName>
 <label>75mm shell (APCR)</label>
 <graphicData>
  <texPath>Firedshell</texPath>
  <graphicClass>Graphic_Single</graphicClass>
 </graphicData>
 <projectile>
  <damageDef>Bullet</damageDef>
  <damageAmountBase>320</damageAmountBase>
  <soundExplode>MortarBomb_Explode</soundExplode>
  <armorPenetration>7.5</armorPenetration>
  <speed>230</speed>
 </projectile>
 <comps>
   <li Class="CombatExtended.CompProperties_ExplosiveCE">
	 <explosionDamage>1</explosionDamage>
	 <explosionDamageDef>Bomb</explosionDamageDef>
	 <explosionRadius>0.1</explosionRadius>
	 <fragments>
          <Fragment_Shell>150</Fragment_Shell>
	 </fragments>
	 <fragRange>2</fragRange>
   </li>
  </comps>
</ThingDef>

<ThingDef ParentName="75mmShell">
 <defName>Bullet_75mm_HE</defName>
 <label>75mm shell (HE)</label>
 <graphicData>
  <texPath>Firedshell</texPath>
  <graphicClass>Graphic_Single</graphicClass>
 </graphicData>
 <projectile>
  <damageDef>Bullet</damageDef>
  <damageAmountBase>50</damageAmountBase>
  <soundExplode>MortarBomb_Explode</soundExplode>
  <armorPenetration>0.5</armorPenetration>
 </projectile>
   <comps>
   <li Class="CombatExtended.CompProperties_ExplosiveCE">
	 <explosionDamage>240</explosionDamage>
	 <explosionDamageDef>Bomb</explosionDamageDef>
	 <explosionRadius>3.5</explosionRadius>
	 <fragments>
          <Fragment_Shell>350</Fragment_Shell>
	 </fragments>
	 <fragRange>4</fragRange>
   </li>
  </comps>
</ThingDef>

	<!-- ==================== Recipes ========================== -->

  <RecipeDef ParentName="GrenadeRecipeBase">
    <defName>MakeAmmo_75mm_APHE</defName>
    <label>make 75mm APHE shells x5</label>
    <description>Craft 5 75mm APHE shells.</description>
    <jobString>Making 75mm APHE shells.</jobString>
    <ingredients>
      <li>
        <filter>
          <thingDefs>
            <li>Steel</li>
          </thingDefs>
        </filter>
        <count>20</count>
      </li>
      <li>
        <filter>
          <thingDefs>
            <li>FSX</li>
          </thingDefs>
        </filter>
        <count>2</count>
      </li>
      <li>
        <filter>
          <thingDefs>
            <li>Component</li>
          </thingDefs>
        </filter>
        <count>1</count>
      </li>
    </ingredients>
    <fixedIngredientFilter>
      <thingDefs>
        <li>Steel</li>
        <li>FSX</li>
        <li>Component</li>
      </thingDefs>
    </fixedIngredientFilter>
    <products>
      <Ammo_75mm_APHE>5</Ammo_75mm_APHE>
    </products>
  </RecipeDef>

 <RecipeDef ParentName="GrenadeRecipeBase">
    <defName>MakeAmmo_75mm_APCR</defName>
    <label>make 75mm APCR shells x5</label>
    <description>Craft 5 75mm APCR shells.</description>
    <jobString>Making 75mm APCR shells.</jobString>
    <ingredients>
      <li>
        <filter>
          <thingDefs>
            <li>Steel</li>
          </thingDefs>
        </filter>
        <count>20</count>
      </li>
      <li>
        <filter>
          <thingDefs>
            <li>Uranium</li>
          </thingDefs>
        </filter>
        <count>2</count>
      </li>
      <li>
        <filter>
          <thingDefs>
            <li>Component</li>
          </thingDefs>
        </filter>
        <count>1</count>
      </li>
    </ingredients>
    <fixedIngredientFilter>
      <thingDefs>
        <li>Steel</li>
        <li>Uranium</li>
        <li>Component</li>
      </thingDefs>
    </fixedIngredientFilter>
    <products>
      <Ammo_75mm_APCR>5</Ammo_75mm_APCR>
    </products>
  </RecipeDef>

<RecipeDef ParentName="GrenadeRecipeBase">
    <defName>MakeAmmo_75mm_HE</defName>
    <label>make 75mm HE shells x5</label>
    <description>Craft 5 75mm HE shells.</description>
    <jobString>Making 75mm HE shells.</jobString>
    <ingredients>
      <li>
        <filter>
          <thingDefs>
            <li>Steel</li>
          </thingDefs>
        </filter>
        <count>10</count>
      </li>
      <li>
        <filter>
          <thingDefs>
            <li>FSX</li>
          </thingDefs>
        </filter>
        <count>4</count>
      </li>
      <li>
        <filter>
          <thingDefs>
            <li>Component</li>
          </thingDefs>
        </filter>
        <count>1</count>
      </li>
    </ingredients>
    <fixedIngredientFilter>
      <thingDefs>
        <li>Steel</li>
        <li>FSX</li>
        <li>Component</li>
      </thingDefs>
    </fixedIngredientFilter>
    <products>
      <Ammo_75mm_HE>5</Ammo_75mm_HE>
    </products>
  </RecipeDef>

</Defs>