<?xml version="1.0" encoding="utf-8" ?>
<Defs>

  <!-- ======================= Minified things ========================= -->

  <ThingDef ParentName="MinifiedBase" Name="MinifiedTurretBase" Abstract="True">
    <thingCategories>
      <li>WeaponsTurrets</li>
    </thingCategories>
  </ThingDef>

  <ThingDef ParentName="MinifiedTurretBase">
    <defName>MinifiedTurret_50mmTurret</defName>
    <label>50mm turret</label>
    <statBases>
      <Mass>300</Mass>
      <Bulk>200</Bulk>
    </statBases>
  </ThingDef>

<ThingDef ParentName="MinifiedTurretBase">
    <defName>MinifiedTurret_75mmTurret</defName>
    <label>75mm turret</label>
    <statBases>
      <Mass>450</Mass>
      <Bulk>300</Bulk>
    </statBases>
  </ThingDef>

  <ThingDef ParentName="MinifiedTurretBase">
    <defName>MinifiedTurret_105mmTurret</defName>
    <label>105mm turret</label>
    <statBases>
      <Mass>1000</Mass>
      <Bulk>900</Bulk>
    </statBases>

  </ThingDef>

</Defs>
