<?xml version="1.0" encoding="UTF-8"?>
<ThingDefs>

  <ThingDef Name="BaseTurretGun" ParentName="BaseGun" Abstract="True">
    <soundInteract>InteractRifle</soundInteract>
    <weaponTags>
      <li>Gun</li>
      <li>TurretGun</li>
    </weaponTags>
    <tradeability>Never</tradeability>
    <destroyOnDrop>True</destroyOnDrop>
    <menuHidden>True</menuHidden>
    <canBeSpawningInventory>false</canBeSpawningInventory>
    <smeltable>false</smeltable>
  </ThingDef>

  <!-- ================== 50mm ================== -->

  <ThingDef ParentName="BaseTurretGun">
    <defName>Gun_50mmCannon</defName>
    <label>50mm cannon</label>
    <graphicData>
      <texPath>Things/Item/Equipment/WeaponRanged/ChargeRifle</texPath>
      <graphicClass>Graphic_Single</graphicClass>
    </graphicData>
    <description>50mm cannon on a stationary emplacement.</description>
    <soundInteract>ArtilleryShellLoaded</soundInteract>
    <statBases>
      <MarketValue>2800</MarketValue>
      <SightsEfficiency>1.1</SightsEfficiency>
      <ShotSpread>0.01</ShotSpread>
      <SwayFactor>0.25</SwayFactor>
      <RangedWeapon_Cooldown>2.50</RangedWeapon_Cooldown>
    </statBases>
    <verbs>
      <li Class="CombatExtended.VerbPropertiesCE">
        <verbClass>CombatExtended.Verb_ShootCE</verbClass>
        <hasStandardCommand>true</hasStandardCommand>
        <projectileDef>Bullet_50mm_APHE</projectileDef>
        <ai_IsIncendiary>true</ai_IsIncendiary>
        <warmupTime>3</warmupTime>
        <minRange>10</minRange>
        <range>100</range>
        <burstShotCount />
        <soundCast>50mm</soundCast>
        <soundCastTail>GunTail_Heavy</soundCastTail>
        <muzzleFlashScale>20</muzzleFlashScale>
        <targetParams>
          <canTargetLocations>true</canTargetLocations>
        </targetParams>
        <recoilPattern>Mounted</recoilPattern>
      </li>
    </verbs>
    <comps>
      <li Class="CombatExtended.CompProperties_AmmoUser">
        <magazineSize>1</magazineSize>
        <reloadTime>6.0</reloadTime>
        <spawnUnloaded>false</spawnUnloaded>
        <ammoSet>AmmoSet_50mmCannon</ammoSet>
      </li>
      <li Class="CombatExtended.CompProperties_FireModes">
        <aiAimMode>AimedShot</aiAimMode>
      </li>
    </comps>
  </ThingDef>

<!-- ================== 50mm ================== -->

  <ThingDef ParentName="BaseTurretGun">
    <defName>Gun_75mmCannon</defName>
    <label>75mm cannon</label>
    <graphicData>
      <texPath>Things/Item/Equipment/WeaponRanged/ChargeRifle</texPath>
      <graphicClass>Graphic_Single</graphicClass>
    </graphicData>
    <description>75mm cannon on a stationary emplacement.</description>
    <soundInteract>ArtilleryShellLoaded</soundInteract>
    <statBases>
      <MarketValue>2800</MarketValue>
      <SightsEfficiency>1.2</SightsEfficiency>
      <ShotSpread>0.01</ShotSpread>
      <SwayFactor>0.25</SwayFactor>
      <RangedWeapon_Cooldown>3</RangedWeapon_Cooldown>
    </statBases>
    <verbs>
      <li Class="CombatExtended.VerbPropertiesCE">
        <verbClass>CombatExtended.Verb_ShootCE</verbClass>
        <hasStandardCommand>true</hasStandardCommand>
        <projectileDef>Bullet_75mm_APHE</projectileDef>
        <ai_IsIncendiary>true</ai_IsIncendiary>
        <warmupTime>3.5</warmupTime>
        <minRange>13</minRange>
        <range>110</range>
        <burstShotCount />
        <soundCast>75mm</soundCast>
        <soundCastTail>GunTail_Heavy</soundCastTail>
        <muzzleFlashScale>20</muzzleFlashScale>
        <targetParams>
          <canTargetLocations>true</canTargetLocations>
        </targetParams>
        <recoilPattern>Mounted</recoilPattern>
      </li>
    </verbs>
    <comps>
      <li Class="CombatExtended.CompProperties_AmmoUser">
        <magazineSize>1</magazineSize>
        <reloadTime>9.0</reloadTime>
        <spawnUnloaded>false</spawnUnloaded>
        <ammoSet>AmmoSet_75mmCannon</ammoSet>
      </li>
      <li Class="CombatExtended.CompProperties_FireModes">
        <aiAimMode>AimedShot</aiAimMode>
      </li>
    </comps>
  </ThingDef>

 <!-- ================== 105mm ================== -->

  <ThingDef ParentName="BaseTurretGun">
    <defName>Gun_105mmCannon</defName>
    <label>105mm gun</label>
    <graphicData>
      <texPath>Things/Item/Equipment/WeaponRanged/ChargeRifle</texPath>
      <graphicClass>Graphic_Single</graphicClass>
    </graphicData>
    <description>105mm cannon on a stationary emplacement.</description>
    <soundInteract>ArtilleryShellLoaded</soundInteract>
    <statBases>
      <MarketValue>3400</MarketValue>
      <SightsEfficiency>1.2</SightsEfficiency>
      <ShotSpread>0.01</ShotSpread>
      <SwayFactor>0.25</SwayFactor>
      <RangedWeapon_Cooldown>4.00</RangedWeapon_Cooldown>
    </statBases>
    <verbs>
      <li Class="CombatExtended.VerbPropertiesCE">
        <verbClass>CombatExtended.Verb_ShootCE</verbClass>
        <hasStandardCommand>true</hasStandardCommand>
        <projectileDef>Bullet_105mm_HE</projectileDef>
        <ai_IsIncendiary>true</ai_IsIncendiary>
        <warmupTime>4.5</warmupTime>
        <minRange>20</minRange>
        <range>140</range>
        <burstShotCount />
        <soundCast>105mm</soundCast>
        <soundCastTail>GunTail_Heavy</soundCastTail>
        <muzzleFlashScale>22</muzzleFlashScale>
        <targetParams>
          <canTargetLocations>true</canTargetLocations>
        </targetParams>
        <recoilPattern>Mounted</recoilPattern>
      </li>
    </verbs>
    <comps>
      <li Class="CombatExtended.CompProperties_AmmoUser">
        <magazineSize>1</magazineSize>
        <reloadTime>15.0</reloadTime>
        <spawnUnloaded>false</spawnUnloaded>
        <ammoSet>AmmoSet_105mmCannon</ammoSet>
      </li>
      <li Class="CombatExtended.CompProperties_FireModes">
        <aiAimMode>AimedShot</aiAimMode>
      </li>
    </comps>
  </ThingDef>

</ThingDefs>
